Nombre,SKU,Categoría,Marca,Costo,Precio Venta,Stock
Short print modal soft,0004,Shorts,The Maker,5000.0000|5000.0000,8750.0000|8750.0000,0
Musculosa dorado piedras,0005,Musculosas,The Maker,20000,35000,0
Musculosa Morley con cierre,0006,Musculosas,The Maker,4000.0000|4000.0000,7000.0000|7000.0000,0
Musculosa de morley rock,0007,Musculosas,The Maker,6500,11375,0
Musculosa Morley estampado,0008,Musculosas,The Maker,6500,11375,0
Buzo chomba rústico rayado,0009,Buzos,The Maker,16000.0000|16000.0000|16000.0000|16000.0000,28000.0000|28000.0000|28000.0000|28000.0000,0
Conjunto Palazzo y Remeron Rayas Anchas,0010,Conjuntos,The Maker,18000,31500,0
Conjunto bambula,0011,Conjuntos,The Maker,12000.0000|12000.0000|12000.0000,21000.0000|21000.0000|21000.0000,0
Conjunto Short y Puperon Rayado Finito,0013,Conjuntos,The Maker,15000.0000|15000.0000,26250.0000|26250.0000,0
Remera bordada frente,0014,Remeras,The Maker,13000,22750,0
Puperon rock nevado,0015,Puperones,The Maker,9000,15750,0
Puperon Sonrie,0016,Puperones,The Maker,3500,6125,0
Puperon Oakland,0018,Puperones,The Maker,3500.0000|3500.0000,6125.0000|6125.0000,0
Chomba pupera rayas finitas,0019,Chombas,The Maker,9500.0000|9500.0000,16625.0000|16625.0000,0
Chomba pupera rayas anchas,0020,Chombas,The Maker,9500,16625,0
Puperon Liso,0021,Puperones,The Maker,4000.0000|4000.0000,7000.0000|7000.0000,0
Puperon liso morley nuevo,0022,Puperones,The Maker,6000.0000|6000.0000|6000.0000|6000.0000|6000.0000|6000.0000,10500.0000|10500.0000|10500.0000|10500.0000|10500.0000|10500.0000,0
Puperon Morley nevado,0023,Puperones,The Maker,8000.0000|8000.0000,14000.0000|14000.0000,0
Remera Manga princesa boca beso,0024,Remeras,The Maker,6000,10500,0
Remera sublimada,0025,Remeras,The Maker,9000,15750,0
Remera sublimada cuello V,0026,Remeras,The Maker,9000.0000|9000.0000,15750.0000|15750.0000,0
Remera sublimada rayada estampada,0027,Remeras,The Maker,12000,21000,0
Remera palmera luna estrellas,0028,Remeras,The Maker,7000,12250,0
Remera manga japonesa sublimada,0029,Remeras,The Maker,9000.0000|9000.0000,15750.0000|15750.0000,0
Remera basica morley,0030,Remeras,The Maker,5800.0000|5800.0000|5800.0000|5800.0000,10150.0000|10150.0000|10150.0000|10150.0000,0
Camisa Musso agujeros,0031,Camisas,LSKMAN,16900.0000|16900.0000,29575.0000|29575.0000,0
Conjunto texturas,0032,Conjuntos,LSKMAN,19900.0000|19900.0000,34825.0000|34825.0000,0
Sudadera musculosa Lorenzo,0033,Sudaderas,LSKMAN,17900.0000|17900.0000|17900.0000,31325.0000|31325.0000|31325.0000,0
Remera over boxy Vicente,0034,Remeras,LSKMAN,13900.0000|13900.0000,24325.0000|24325.0000,0
Remera bordada cordon texturas,0035,Remeras,LSKMAN,13900,24325,0
Remera Tokyo Jersey pesado rib tejido,0036,Remeras,LSKMAN,13900.0000|13900.0000,24325.0000|24325.0000,0
Remera boxy over Harry Jersey pesado,0037,Remeras,LSKMAN,13900.0000|13900.0000,24325.0000|24325.0000,0
Remera Rocco roturas boxy fit,0038,Remeras,LSKMAN,14900,26075,0
Chomba tejida con cierre Philo,0039,Chombas,LSKMAN,14900,26075,0
Cinturon elastizado de fiesta con hebilla metálica,0040,Cinturones,Pupé,3600.0000|3600.0000|3600.0000,6300.0000|6300.0000|6300.0000,0
Cinturón elastizado de monedas importado,0041,Cinturones,Pupé,7900,13825,0
Cinturón de rafia con hebilla metálica importada,0042,Cinturones,Pupé,6600.0000|6600.0000,11550.0000|11550.0000,0
cinturón animal print importado,0043,Cinturones,Pupé,9000,15750,0
Faja circular calada con chapones y ojales,0044,Cinturones,Pupé,17500,30625,0
Cinto caderin ovalo chico con tiras,0045,Cinturones,Pupé,5300.0000|5300.0000,9275.0000|9275.0000,0
Cinto caderin circulitos y tiras,0046,Cinturones,Pupé,5800,10150,0
Cinto media luna multitachas,0047,Cinturones,Pupé,8500,14875,0
Cinto faja en punta animal print,0048,Cinturones,Pupé,5400,9450,0
Cinto de tachitas enlazadas importado,0049,Cinturones,Pupé,6000,10500,0
Cinto elastizado de fiesta con dije lazo,0050,Cinturones,Pupé,3600.0000|3600.0000,6300.0000|6300.0000,0
Cinturón importado con hebilla irregular,0051,Cinturones,Pupé,8000.0000|8000.0000,14000.0000|14000.0000,0
Remera Mora,0052,Remeras,Clostudio,9000,15750,0
Bambi Mora Estampada,0053,Musculosas,Clostudio,16500,28875,0
Bambi clo Estampada,0054,Musculosas,Clostudio,16500,28875,0
Remera Sky Estampada,0055,Musculosas,Clostudio,16500,28875,0
Remera Sky,0056,Remeras,Clostudio,9000.0000|9000.0000|9000.0000,15750.0000|15750.0000|15750.0000,0
Remera Ali Sublimada,0057,Remeras,Clostudio,10000,17500,0
Remera nevada lisa,0058,Remeras,Clostudio,9000,15750,0
Remera Mirta,0059,Remeras,Clostudio,6000,10500,0
Remera Spirit,0060,Remeras,Clostudio,10000,17500,0
Bambi Lisa,0061,Musculosas,Clostudio,7500.0000|7500.0000,13125.0000|13125.0000,0
Remera Batik Brunch Club,0062,Remeras,Clostudio,12000,21000,0
Short Wanda Sublimado,0063,Shorts,Clostudio,12500,21875,0
Muscu Leyla Sublimado,0064,Musculosas,Clostudio,13000,22750,0
Musculosa Gigi Vintage,0065,Musculosas,Clostudio,7500.0000|7500.0000,13125.0000|13125.0000,0
Remerita Linda,0066,Remeras,Clostudio,4000,7000,0
Camisa Cuerina Cropped,0067,Camisas,Merci,13600,23800,0
Top sin manga lino,0068,Tops,Merci,15645,27378.75,0
Short de lino,0069,Shorts,Merci,12180.0000|12180.0000|12180.0000,21315.0000|21315.0000|21315.0000,0
Pollera de lino,0070,Polleras,Merci,5000.0000|5000.0000,8750.0000|8750.0000,0
Saco de lino manga corta,0071,Sacos,Merci,9000,15750,0
Remera manga corta de hilo,0072,Remeras,Merci,13000.0000|13000.0000|13000.0000,22750.0000|22750.0000|22750.0000,0
Blazer crop,0073,Blazers,Merci,17000.0000|17000.0000,29750.0000|29750.0000,0
Saco sin manga cruzado lino,0074,Sacos,Merci,20790.0000|20790.0000,36382.5000|36382.5000,0
Short pollera lino,0075,Shorts,Merci,14500.0000|14500.0000,25375.0000|25375.0000,0
Palazzos Fibrana Liso,0076,Pantalones,Cabana,9000,15750,0
Palazzos Morley Ottamon Oscuro,0077,Pantalones,Cabana,12500,21875,0
Remera (ALGODÓN) - Rosa Print - (Mujer),0078,Remeras,Cabana,10150,17762.5,0
Remera (ALGODÓN) Sleeping Cat,0079,Remeras,Cabana,10150,17762.5,0
Remera (Dama) Flores 3D (Modal),0080,Remeras,Cabana,7450,13037.5,0
Remera DTF (ALGODÓN) Miles de Corazones,0081,Remeras,Cabana,10150,17762.5,0
Remera (ALGODÓN) Los Angeles,0082,Remeras,Cabana,10150,17762.5,0
Remera (ALGODÓN) Corazon Rosa,0083,Remeras,Cabana,10150,17762.5,0
Remera (MODAL) Pink Mariposa,0084,Remeras,Cabana,7450,13037.5,0
Remera DTF (ALGODÓN) Arcoíris Mariposa,0085,Remeras,Cabana,10150,17762.5,0
Remera DTF (ALGODÓN) Corazones Cafe,0086,Remeras,Cabana,10150,17762.5,0
Remera (MODAL) Flor Marron,0087,Remeras,Cabana,7450,13037.5,0
Remera (Modal) Fly To You,0088,Remeras,Cabana,7450,13037.5,0
Remera (ALGODÓN) Símbolo HP,0089,Remeras,Cabana,10150,17762.5,0
Remeras (Modal) Diseño Nuevo,0090,Remeras,Cabana,7450,13037.5,0
Remera (Modal) Conejo,0091,Remeras,Cabana,7450,13037.5,0
Remera DTF (ALGODÓN) 5 Corazones,0092,Remeras,Cabana,10150,17762.5,0
Remera DTF (ALGODÓN) Corazón Leopardo,0093,Remeras,Cabana,10150,17762.5,0
Remera (MODAL) Otoño Mariposa,0094,Remeras,Cabana,7450,13037.5,0
Remera (ALGODÓN) Guess,0095,Remeras,Cabana,10150.0000|10150.0000,17762.5000|17762.5000,0
Remera (MODAL) Mariposas volando de corazón,0096,Remeras,Cabana,7450,13037.5,0
Remera (Modal)Torre de Flores,0097,Remeras,Cabana,7450,13037.5,0
Remera (Modal) Poni,0098,Remeras,Cabana,7450.0000|7450.0000|7450.0000,13037.5000|13037.5000|13037.5000,0
Remera (MODAL) 3 corazones,0099,Remeras,Cabana,7450,13037.5,0
Remera (ALGODÓN) Meow,0100,Remeras,Cabana,10150.0000|10150.0000,17762.5000|17762.5000,0
Remera (MODAL) Corazon leopardo,0101,Remeras,Cabana,7450,13037.5,0
Remera (Modal) Mariposa Salmon,0102,Remeras,Cabana,7450,13037.5,0
Remera (ALGODON) Perfectly imperfectly,0103,Remeras,Cabana,10150,17762.5,0
Remeras (Modal) Muchos corazones,0104,Remeras,Cabana,7450.0000|7450.0000,13037.5000|13037.5000,0
Remera (MODAL) Shut the fuck up,0105,Remeras,Cabana,7450,13037.5,0
Remera (ALGODÓN) LISO,0106,Remeras,Cabana,8600.0000|8600.0000,15050.0000|15050.0000,0
Remera (Modal) Ramo de flores,0107,Remeras,Cabana,7450.0000|7450.0000,13037.5000|13037.5000,0
Remera (ALGODÓN) Corazon 2,0108,Remeras,Cabana,10150,17762.5,0
Remera (ALGODÓN) Vans,0109,Remeras,Cabana,10150.0000|10150.0000|10150.0000,17762.5000|17762.5000|17762.5000,0
Remera (MODAL) Miles de corazones,0110,Remeras,Cabana,7450,13037.5,0
Remera (ALGODÓN) Inspire,0111,Remeras,Cabana,10150,17762.5,0
Remera (Modal) CORAZON 3,0112,,Cabana,7450,13037.5,0
Remera (Modal) Triple corazón,0113,Remeras,Cabana,7450,13037.5,0
Remera (Modal) Primavera,0114,Remeras,Cabana,7450.0000|7450.0000,13037.5000|13037.5000,0
Remera (Modal) butterfly,0115,Remeras,Cabana,7450,13037.5,0
Remera (Modal) M,0116,Remeras,Cabana,7450,13037.5,0
Olivos - Baggy desflecado oxido,0117,Pantalones,CC Jeans,28000,49000,0
Balcarce - Baggy 4 bolsillos oxido con bordado,0118,Pantalones,CC Jeans,26500.0000|26500.0000|26500.0000,46375.0000|46375.0000|46375.0000,0
San Pedro - Baggy con recortes desflecados,0119,Pantalones,CC Jeans,25500,44625,0
San Pablo - Baggy desflecado gris loc,0120,Pantalones,CC Jeans,18000,31500,0
Cafayate - Baggy desflecado jean nevado,0121,Pantalones,CC Jeans,26500,46375,0
Bariloche - Baggy 4 bolsillos con recortes,0122,Pantalones,CC Jeans,26500.0000|26500.0000|26500.0000,46375.0000|46375.0000|46375.0000,0
San Lorenzo - Baggy desflecado gris localizado,0123,Pantalones,CC Jeans,26500.0000|26500.0000,46375.0000|46375.0000,0
Rivadavia - Baggy con tiras gris nev,0124,Pantalones,CC Jeans,25000.0000|25000.0000|25000.0000,43750.0000|43750.0000|43750.0000,0
Palermo - Baggy celeste desflecado vainilla,0125,Pantalones,CC Jeans,26500,46375,0
Puerto Madryn - Bermuda desflecada con rotura,0126,Pantalones,CC Jeans,9900,17325,0
Catamarca - Bermuda con rotura jean,0127,Pantalones,CC Jeans,9900,17325,0
La Plata - Bermuda baggy estampada,0128,Pantalones,CC Jeans,19000.0000|19000.0000|19000.0000,33250.0000|33250.0000|33250.0000,0
Ezeiza - Bermuda carpintera estampada,0129,Pantalones,CC Jeans,20000.0000|20000.0000,35000.0000|35000.0000,0
Chaco - Bermuda baggy cargo con recorte,0130,Pantalones,CC Jeans,19000,33250,0
San Telmo - Bermuda baggy cargo con recorte,0131,Pantalones,CC Jeans,9900.0000|9900.0000,17325.0000|17325.0000,0
Campera BUNBY c lentejuelas,0132,Camperas,Rumba,35000,61250,0
Chaqueta BRIE gabardina print,0133,Camperas,Rumba,44859.2,78503.6,0
Conjunto ACHEROTIA Lino c bordado,0134,Conjuntos,Rumba,45000,78750,0
Musculosa DORMOUNT c canutillo,0135,Musculosas,Rumba,30000,52500,0
Top Hegel un hombro c/ lentejuelas,0136,Tops,Rumba,8000,14000,0
Top GELLERT,0138,Tops,Rumba,8000,14000,0
Musculosa NEPAL,0139,Musculosas,Rumba,8480,14840,0
Musculosa ADANA tull,0140,Musculosas,Rumba,5000.0000|5000.0000,8750.0000|8750.0000,0
Musculosa SAMSUM,0141,Musculosas,Rumba,5000,8750,0
Musculosa AQUILES bordada,0142,Musculosas,Rumba,8480,14840,0
Remera MARIO c piedras,0143,Remeras,Rumba,15000,26250,0
Remera LIVIO gamuza elastisada con strass,0144,Remeras,Rumba,10000.0000|10000.0000,17500.0000|17500.0000,0
Musculosa HYMAN c piedras,0145,Musculosas,Rumba,15000,26250,0
Remera Basher,0146,Remeras,Rumba,18000,31500,0
Remera TUMHAS,0147,Remeras,Rumba,18000,31500,0
Remera MEFISTO,0148,Remeras,Rumba,12000,21000,0
Remera CHAMUEL,0149,Remeras,Rumba,12000,21000,0
Remera AGARES,0150,Remeras,Rumba,15040,26320,0
Remera LEVIAT,0151,Remeras,Rumba,12000,21000,0
Remera BROUN,0152,Remeras,Rumba,15920,27860,0
Remera BARUCH c strass,0153,Remeras,Rumba,10000,17500,0
Remera SARIEL lentejuelas,0154,Remeras,Rumba,15000,26250,0
Remera VALEFOR,0155,Remeras,Rumba,18000,31500,0
Remera Zeppelin,0156,Remeras,Rumba,14960,26180,0
Remera Pizurno,0157,Remeras,Rumba,8000,14000,0
Remera Blomster,0158,Remeras,Rumba,8000,14000,0
Remera YONES,0159,Remeras,Rumba,12000,21000,0
Remera Tere algodón botones laterales,0160,Remeras,Rumba,12000,21000,0
Remera YARON c strass,0161,Remeras,Rumba,18000,31500,0
Conjunto KAMIRA lino,0162,Remeras,Rumba,30000.0000|30000.0000,52500.0000|52500.0000,0
Remera LORETA C Piedras,0163,Remeras,Arizona,22000,38500,0
Musculosa ORI Tejida con Guipiur,0164,Musculosas,Arizona,22490,39357.5,0
Remera MUMI C/ Bordado,0165,Remeras,Arizona,19990.0000|19990.0000,34982.5000|34982.5000,0
Musculosa JENNY bordada,0166,Musculosas,Arizona,18750.0000|18750.0000,32812.5000|32812.5000,0
Musculosa MIRI c/ piedras,0167,Remeras,Arizona,22500,39375,0
Blusa NADINE Broderie Bordada,0168,Blusas,Arizona,31250,54687.5,0
Musculosa KAIA Bordada,0169,Musculosas,Arizona,18750.0000|18750.0000|18750.0000,32812.5000|32812.5000|32812.5000,0
Remera ARDEN c Piedras,0170,Remeras,Arizona,22500.0000|22500.0000,39375.0000|39375.0000,0
Mini Queen Dinasty Lentejuelas y Tull,0171,Minifaldas,Arizona,37490,65607.5,0
Blazer Metalizado Cruzado,0172,Blazers,Arizona,18785,32873.75,0
Musculosa Beauty Black Lentejuelas,0173,Musculosas,Arizona,27551,48214.25,0
Musculosa Beauty Cream Lentejuelas,0174,Musculosas,Arizona,27551,48214.25,0
Blusa Lorenza,0175,Blusas,LSK,19900,34825,0
Campera Tatum Jean,0176,Camperas,LSK,32900,57575,0
Chaleco DUNCAN,0177,Chalecos,LSK,29900,52325,0
Chaleco Felix,0178,Chalecos,LSK,26900,47075,0
Pollera MARTINA,0179,Polleras,LSK,5000.0000|5000.0000,8750.0000|8750.0000,0
Skort Kopar encaje,0180,Shorts,LSK,17900,31325,0
Mini bordada Danielle,0181,Minifaldas,LSK,18900,33075,0
Palazo JOHNSON liso,0182,Pantalones,LSK,22900,40075,0
Pantalon Baduz con vivos,0183,Pantalones,LSK,24900,43575,0
Top BAHIA,0184,Tops,LSK,9900,17325,0
Top Venecia,0185,Tops,LSK,17900,31325,0
Blusa Guada Bordada,0186,Blusas,LSK,14900,26075,0
Remera ANTONIA CON TACHAS,0188,Remeras,LSK,15900,27825,0
Pantalon NEW PAUNETTE BORDADO,0189,Pantalones,LSK,26900,47075,0
Remera Daiton,0190,Remeras,LSK,11900,20825,0
Chaqueta ROCKVILLE,0191,Camperas,LSK,24900,43575,0
Top Doha,0192,Tops,LSK,12900,22575,0
Mini Turquie Jean,0193,Minifaldas,LSK,19900,34825,0
Blusa Lina,0194,Blusas,LSK,17900,31325,0
Short QUEBEC,0195,Shorts,LSK,15900,27825,0
Short AMPI,0196,Shorts,LSK,22900,40075,0
Top Glads,0197,Tops,LSK,17900,31325,0
Remera The Angel bordada,0198,Remeras,LSK,16900,29575,0
Short Milano,0199,Shorts,Nissie,17000,29750,0
Short Losty,0200,Shorts,Nissie,10000.0000|10000.0000,17500.0000|17500.0000,0
Short Murcia,0201,Shorts,Nissie,16000.0000|16000.0000|16000.0000|16000.0000,28000.0000|28000.0000|28000.0000|28000.0000,0
Short Mubba Verde,0202,Shorts,Nissie,16000.0000|16000.0000,28000.0000|28000.0000,0
Short Murely,0204,Shorts,Nissie,17000.0000|17000.0000,29750.0000|29750.0000,0
Short Pekin,0205,Shorts,Nissie,15000.0000|15000.0000|15000.0000,26250.0000|26250.0000|26250.0000,0
Short Nina,0206,Shorts,Nissie,18000.0000|18000.0000|18000.0000,31500.0000|31500.0000|31500.0000,0
Short Madrid,0207,Shorts,Nissie,17000.0000|17000.0000|17000.0000,29750.0000|29750.0000|29750.0000,0
Short Jizan,0208,Shorts,Nissie,19000.0000|19000.0000|19000.0000,33250.0000|33250.0000|33250.0000,0
Short Oxid,0209,Shorts,Nissie,17000.0000|17000.0000|17000.0000,29750.0000|29750.0000|29750.0000,0
Pollera boho microtull,0210,Polleras,Meferti,17000,29750,0
Pollera micro volados,0211,Polleras,Meferti,14000,24500,0
Pollera plato micromorley,0212,Polleras,Meferti,9800,17150,0
TOP ROMBO MICROTULL,0213,Tops,Meferti,7500,13125,0
Top boho lentejuela,0214,Tops,Meferti,11800,20650,0
Top bralet con buche,0215,Tops,Meferti,9000,15750,0
Top corset importado con cinta,0216,Tops,Meferti,22500,39375,0
Top crochet Marilyn,0217,Tops,Meferti,11000,19250,0
Top importado bretel cintas,0218,Tops,Meferti,22500,39375,0
Top retro hombro frunce,0219,Tops,Meferti,8800,15400,0
Top retro lluvia de strass,0220,,,9500,16625,0
Top retro óvalo con avío,0221,Tops,Meferti,7200,12600,0
Vestido Strapless,0222,Vestidos,Meferti,20500,35875,0
Vestido asimétrico,0223,Vestidos,Meferti,14500,25375,0
Vestido lunares,0224,Vestidos,Meferti,18000,31500,0
Vestido strapless lluvia de strass,0225,Vestidos,Meferti,18800,32900,0
Vestido strapless meduza,0226,Vestidos,Meferti,28000,49000,0
Vestido straple misha,0227,Vestidos,Meferti,19200,33600,0
vestido straples accesorio U,0228,Vestidos,Meferti,15000,26250,0
vestido strapless recorte,0229,Vestidos,Meferti,16000,28000,0
Short cancun conjunto,0231,Shorts,Samara,16800.0000|16800.0000|16800.0000,29400.0000|29400.0000|29400.0000,0
Musculosa vallarda,0232,Musculosas,Samara,18800.0000|18800.0000|18800.0000,32900.0000|32900.0000|32900.0000,0
Remera Allende conjunto,0233,Remeras,Samara,15500.0000|15500.0000|15500.0000,27125.0000|27125.0000|27125.0000,0
Remera Cancun conjunto,0234,Remeras,Samara,20500.0000|20500.0000|20500.0000,35875.0000|35875.0000|35875.0000,0
Remera Oaxaca,0235,Remeras,Samara,15400.0000|15400.0000,26950.0000|26950.0000,0
Remera Guadalajara,0236,Remeras,Samara,16800,29400,0
Camisa N-700,0237,Camisas,Mouk,25000,43750,0
Malla JR-25513,0238,Mallas,Mouk,15000.0000|15000.0000|15000.0000|15000.0000,26250.0000|26250.0000|26250.0000|26250.0000,0
Malla JR-25512,0239,Mallas,Mouk,15000.0000|15000.0000|15000.0000|15000.0000,26250.0000|26250.0000|26250.0000|26250.0000,0
Pantalon K-250403,0240,Pantalones,Mouk,28000.0000|28000.0000,49000.0000|49000.0000,0
Bermuda k-250408,0241,Bermudas,Mouk,18000.0000|18000.0000|18000.0000|18000.0000,31500.0000|31500.0000|31500.0000|31500.0000,0
Bermuda k-250406,0242,Bermudas,Mouk,18000.0000|18000.0000,31500.0000|31500.0000,0
Chomba jp-01,0243,Chombas,Mouk,20000.0000|20000.0000,35000.0000|35000.0000,0
Chomba J-1036,0244,Chombas,Mouk,20000.0000|20000.0000,35000.0000|35000.0000,0
Chomba J-1035,0245,Chombas,Mouk,20000.0000|20000.0000,35000.0000|35000.0000,0
Chomba Jp-06 over,0246,Chombas,Mouk,20000.0000|20000.0000|20000.0000,35000.0000|35000.0000|35000.0000,0
Remera J-1120,0247,Remeras,Mouk,18000,31500,0
Remera Na-10,0248,Remeras,Mouk,18000.0000|18000.0000|18000.0000,31500.0000|31500.0000|31500.0000,0
Remera Na-19,0249,Remeras,Mouk,18000.0000|18000.0000|18000.0000,31500.0000|31500.0000|31500.0000,0
Remera Básica,0250,Remeras,Mouk,15000.0000|15000.0000|15000.0000,26250.0000|26250.0000|26250.0000,0
Remera Art 1639,0251,Remeras,Mouk,18000.0000|18000.0000,31500.0000|31500.0000,0
Remera na-03,0252,Remeras,Mouk,18000.0000|18000.0000|18000.0000,31500.0000|31500.0000|31500.0000,0
Remera Na-15,0253,Remeras,Mouk,18000.0000|18000.0000,31500.0000|31500.0000,0
Remera na-07,0254,Remeras,Mouk,18000.0000|18000.0000,31500.0000|31500.0000,0
Remera na-14,0255,Remeras,Mouk,18000.0000|18000.0000,31500.0000|31500.0000,0
Remera na-11,0256,Remeras,Mouk,18000.0000|18000.0000,31500.0000|31500.0000,0
Remera km-23,0257,Remeras,Mouk,18000.0000|18000.0000|18000.0000,31500.0000|31500.0000|31500.0000,0
Remera na-04,0258,Remeras,Mouk,18000.0000|18000.0000,31500.0000|31500.0000,0
Short Pollera Vesnia.Cey bordado con volados en capas,0259,Shorts,OnenOn,8000.0000|8000.0000,14000.0000|14000.0000,0
Top Thessia.Crochet asimetrico de un solo hombro c/hebilla,0260,Tops,OnenOn,6900.0000|6900.0000|6900.0000,12075.0000|12075.0000|12075.0000,0
Musculosa Sunny.Morley Dior jaspeado,0261,Musculosas,OnenOn,7500.0000|7500.0000|7500.0000,13125.0000|13125.0000|13125.0000,0
Musculosa Thalia.Nina rib cuello redondo,0262,Musculosas,OnenOn,6500.0000|6500.0000|6500.0000,11375.0000|11375.0000|11375.0000,0
Short pollera Dessa.Sastrero liso c cierre y botones,0263,Shorts,OnenOn,8500.0000|8500.0000|8500.0000,14875.0000|14875.0000|14875.0000,0
Short Elda.Sastrero cpinza y cordón,0264,Shorts,OnenOn,11900.0000|11900.0000,20825.0000|20825.0000,0
Musculosa Percy.Morley vintage cuello en U,0265,Musculosas,OnenOn,5300,9275,0
Remera Tamia.Micro morley cuello en U,0266,Remeras,OnenOn,6500.0000|6500.0000|6500.0000,11375.0000|11375.0000|11375.0000,0
Palazo Fiona.Hawaii ccordón tela y bolsillo,0267,Pantalones,OnenOn,12500.0000|12500.0000,21875.0000|21875.0000,0
Remera Pixie.Crepe viscosa costado fruncido,0268,Remeras,OnenOn,5000.0000|5000.0000|5000.0000,8750.0000|8750.0000|8750.0000,0
Remera Fernie.Morley diesel básica con manga puño,0269,Remeras,OnenOn,5500.0000|5500.0000,9625.0000|9625.0000,0
Remera Willow.Morley diesel básica,0270,Remeras,OnenOn,5500.0000|5500.0000|5500.0000,9625.0000|9625.0000|9625.0000,0
Remera Bell.Morley rayado con puño en manga,0271,Remeras,OnenOn,5000,8750,0
Remera (Modal) Mano de Dama,0272,Remeras,Cabana,7450,13037.5,0
Musculosa Sacamander piedras,0273,Musculosas,Rumba,12000,21000,0
Remera SHEILA bordada,0274,Remeras,LSK,17000,29750,0
Short Mubba Matizado,0275,Shorts,Nissie,17000.0000|17000.0000|17000.0000,29750.0000|29750.0000|29750.0000,0
Short Allende conjunto,0276,Shorts,Samara,16000.0000|16600.0000|16000.0000,28000.0000|29050.0000|28000.0000,0
Conjunto Palazzo y Puperon morley rayas finitas,0277,Conjuntos,The Maker,18000.0000|18000.0000,31500.0000|31500.0000,0
Curazao - Bermuda blanca con rotura,0278,Bermudas,CC Jeans,16000.0000|16000.0000|16000.0000,28000.0000|28000.0000|28000.0000,0
Short animal print modal soft,0279,Shorts,The Maker,10000,17500,0
NUÑEZ - BERMUDA BAGGY CASCARILLA,0280,Bermudas,CC Jeans,16500.0000|16500.0000|16500.0000|16500.0000|16500.0000,28875.0000|28875.0000|28875.0000|28875.0000|28875.0000,0
SAN AGUSTIN - BERMUDA NEGRO MARMOLADO,0281,Bermudas,CC Jeans,18000.0000|18000.0000|18000.0000|18000.0000|18000.0000,31500.0000|31500.0000|31500.0000|31500.0000|31500.0000,0
CHACABUCO BRILLOS - BERMUDA NEGRA CON STRASS NEGRO,0282,Bermudas,CC Jeans,21000.0000|21000.0000|21000.0000|21000.0000|21000.0000,36750.0000|36750.0000|36750.0000|36750.0000|36750.0000,0