"Nombre","Tipo","Categoría","Marca","Variante","SKU","Código","Costo","Precio Venta","Stock"
"Balcarce - Baggy 4 bolsillos oxido con bordado","Variable","Pantalones","CC Jeans","38","0118-1","","26500.00","46375.00","1"
"Balcarce - Baggy 4 bolsillos oxido con bordado","Variable","Pantalones","CC Jeans","40","0118-2","","26500.00","46375.00","1"
"Balcarce - Baggy 4 bolsillos oxido con bordado","Variable","Pantalones","CC Jeans","42","0118-3","","26500.00","46375.00","1"
"Bambi clo Estampada","Simple","Musculosas","Clostudio","Única","0054","","16500.00","28875.00","0"
"Bambi Lisa","Variable","Musculosas","Clostudio","Negro","0061-1","","7500.00","13125.00","1"
"Bambi Lisa","Variable","Musculosas","Clostudio","Blanco","0061-2","","7500.00","13125.00","1"
"Bambi Mora Estampada","Variable","Musculosas","Clostudio","Negro","0053-1","","16500.00","28875.00","1"
"Bariloche - Baggy 4 bolsillos con recortes","Variable","Pantalones","CC Jeans","38","0122-1","","26500.00","46375.00","1"
"Bariloche - Baggy 4 bolsillos con recortes","Variable","Pantalones","CC Jeans","40","0122-2","","26500.00","46375.00","1"
"Bariloche - Baggy 4 bolsillos con recortes","Variable","Pantalones","CC Jeans","42","0122-3","","26500.00","46375.00","1"
"Bermuda k-250406","Variable","Bermudas","Mouk","M","0242-1","","18000.00","31500.00","1"
"Bermuda k-250406","Variable","Bermudas","Mouk","L","0242-2","","18000.00","31500.00","1"
"Bermuda k-250408","Variable","Bermudas","Mouk","S","0241-1","","18000.00","31500.00","1"
"Bermuda k-250408","Variable","Bermudas","Mouk","M","0241-2","","18000.00","31500.00","1"
"Bermuda k-250408","Variable","Bermudas","Mouk","L","0241-3","","18000.00","31500.00","1"
"Bermuda k-250408","Variable","Bermudas","Mouk","XL","0241-4","","18000.00","31500.00","1"
"Bermuda k-250408","Variable","Bermudas","Mouk","XXL","0241-5","","18000.00","31500.00","1"
"Blazer crop","Variable","Blazers","Merci","S","0073-1","","17000.00","29750.00","2"
"Blazer crop","Variable","Blazers","Merci","M","0073-2","","17000.00","29750.00","2"
"Blazer Metalizado Cruzado","Variable","Blazers","Arizona","M","0172-1","","18785.00","32873.75","2"
"Blusa Guada Bordada","Variable","Blusas","LSK","Negro","0186-1","","14900.00","26075.00","1"
"Blusa Lina","Variable","Blusas","LSK","Negro","0194-1","","17900.00","31325.00","1"
"Blusa Lorenza","Variable","Blusas","LSK","M","0175-1","","19900.00","34825.00","0"
"Blusa NADINE Broderie Bordada","Variable","Blusas","Arizona","M","0168-1","","31250.00","54687.50","1"
"Buzo chomba rústico rayado","Variable","Buzos","The Maker","Negro","0009-1","","16000.00","28000.00","1"
"Buzo chomba rústico rayado","Variable","Buzos","The Maker","Gris","0009-2","","16000.00","28000.00","1"
"Buzo chomba rústico rayado","Variable","Buzos","The Maker","Amarillo","0009-3","","16000.00","28000.00","0"
"Buzo chomba rústico rayado","Variable","Buzos","The Maker","Verde","0009-4","","16000.00","28000.00","1"
"Cafayate - Baggy desflecado jean nevado","Variable","Pantalones","CC Jeans","42","0121-1","","26500.00","46375.00","1"
"Camisa Cuerina Cropped","Variable","Camisas","Merci","L","0067-1","","13600.00","23800.00","1"
"Camisa Musso agujeros","Variable","Camisas","LSKMAN","M","0031-1","","16900.00","29575.00","1"
"Camisa Musso agujeros","Variable","Camisas","LSKMAN","L","0031-2","","16900.00","29575.00","1"
"Camisa N-700","Variable","Camisas","Mouk","M","0237-1","","25000.00","43750.00","1"
"Campera BUNBY c lentejuelas","Variable","Camperas","Rumba","M","0132-1","","35000.00","61250.00","1"
"Campera Tatum Jean","Variable","Camperas","LSK","S","0176-1","","32900.00","57575.00","1"
"Catamarca - Bermuda con rotura jean","Variable","Pantalones","CC Jeans","38","0127-1","","9900.00","17325.00","1"
"CHACABUCO BRILLOS - BERMUDA NEGRA CON STRASS NEGRO","Variable","Bermudas","CC Jeans","36","0282-1","","21000.00","36750.00","1"
"CHACABUCO BRILLOS - BERMUDA NEGRA CON STRASS NEGRO","Variable","Bermudas","CC Jeans","38","0282-2","","21000.00","36750.00","1"
"CHACABUCO BRILLOS - BERMUDA NEGRA CON STRASS NEGRO","Variable","Bermudas","CC Jeans","40","0282-3","","21000.00","36750.00","1"
"CHACABUCO BRILLOS - BERMUDA NEGRA CON STRASS NEGRO","Variable","Bermudas","CC Jeans","42","0282-4","","21000.00","36750.00","1"
"CHACABUCO BRILLOS - BERMUDA NEGRA CON STRASS NEGRO","Variable","Bermudas","CC Jeans","44","0282-5","","21000.00","36750.00","1"
"Chaco - Bermuda baggy cargo con recorte","Variable","Pantalones","CC Jeans","38","0130-1","","19000.00","33250.00","1"
"Chaleco DUNCAN","Variable","Chalecos","LSK","M","0177-1","","29900.00","52325.00","1"
"Chaleco DUNCAN","Variable","Chalecos","LSK","S","0177-2","","29900.00","52325.00","1"
"Chaleco Felix","Variable","Chalecos","LSK","S","0178-1","","26900.00","47075.00","0"
"Chaqueta BRIE gabardina print","Variable","Camperas","Rumba","M","0133-1","","44859.20","78503.60","1"
"Chaqueta ROCKVILLE","Simple","Camperas","LSK","Única","0191","","24900.00","43575.00","1"
"Chomba J-1035","Variable","Chombas","Mouk","S","0245-1","","20000.00","35000.00","1"
"Chomba J-1035","Variable","Chombas","Mouk","L","0245-2","","20000.00","35000.00","1"
"Chomba J-1036","Variable","Chombas","Mouk","S","0244-1","","20000.00","35000.00","1"
"Chomba J-1036","Variable","Chombas","Mouk","L","0244-2","","20000.00","35000.00","1"
"Chomba jp-01","Variable","Chombas","Mouk","M","0243-1","","20000.00","35000.00","1"
"Chomba jp-01","Variable","Chombas","Mouk","L","0243-2","","20000.00","35000.00","1"
"Chomba Jp-06 over","Variable","Chombas","Mouk","S","0246-1","","20000.00","35000.00","1"
"Chomba Jp-06 over","Variable","Chombas","Mouk","M","0246-2","","20000.00","35000.00","1"
"Chomba Jp-06 over","Variable","Chombas","Mouk","L","0246-3","","20000.00","35000.00","1"
"Chomba pupera rayas anchas","Simple","Chombas","The Maker","Única","0020","","9500.00","16625.00","1"
"Chomba pupera rayas finitas","Variable","Chombas","The Maker","Negro","0019-1","","9500.00","16625.00","1"
"Chomba pupera rayas finitas","Variable","Chombas","The Maker","Chocolate","0019-2","","9500.00","16625.00","1"
"Chomba tejida con cierre Philo","Variable","Chombas","LSKMAN","M","0039-1","","14900.00","26075.00","1"
"Cinto caderin circulitos y tiras","Simple","Cinturones","Pupé","Única","0046","","5800.00","10150.00","1"
"Cinto caderin ovalo chico con tiras","Variable","Cinturones","Pupé","Negro","0045-1","","5300.00","9275.00","1"
"Cinto caderin ovalo chico con tiras","Variable","Cinturones","Pupé","Blanco","0045-2","","5300.00","9275.00","1"
"Cinto de tachitas enlazadas importado","Simple","Cinturones","Pupé","Única","0049","","6000.00","10500.00","1"
"Cinto elastizado de fiesta con dije lazo","Variable","Cinturones","Pupé","Gris","0050-1","","3600.00","6300.00","1"
"Cinto elastizado de fiesta con dije lazo","Variable","Cinturones","Pupé","Dorado","0050-2","","3600.00","6300.00","1"
"Cinto faja en punta animal print","Simple","Cinturones","Pupé","Única","0048","","5400.00","9450.00","1"
"Cinto media luna multitachas","Simple","Cinturones","Pupé","Única","0047","","8500.00","14875.00","1"
"cinturón animal print importado","Simple","Cinturones","Pupé","Única","0043","","9000.00","15750.00","1"
"Cinturón de rafia con hebilla metálica importada","Variable","Cinturones","Pupé","Beige","0042-1","","6600.00","11550.00","1"
"Cinturón de rafia con hebilla metálica importada","Variable","Cinturones","Pupé","Chocolate","0042-2","","6600.00","11550.00","1"
"Cinturon elastizado de fiesta con hebilla metálica","Variable","Cinturones","Pupé","Negro","0040-1","","3600.00","6300.00","1"
"Cinturon elastizado de fiesta con hebilla metálica","Variable","Cinturones","Pupé","Blanco","0040-2","","3600.00","6300.00","1"
"Cinturon elastizado de fiesta con hebilla metálica","Variable","Cinturones","Pupé","Beige","0040-3","","3600.00","6300.00","1"
"Cinturón elastizado de monedas importado","Variable","Cinturones","Pupé","Dorado","0041-1","","7900.00","13825.00","1"
"Cinturón importado con hebilla irregular","Variable","Cinturones","Pupé","Negro","0051-1","","8000.00","14000.00","1"
"Cinturón importado con hebilla irregular","Variable","Cinturones","Pupé","Beige","0051-2","","8000.00","14000.00","0"
"Conjunto ACHEROTIA Lino c bordado","Variable","Conjuntos","Rumba","M","0134-1","","45000.00","78750.00","1"
"Conjunto bambula","Variable","Conjuntos","The Maker","S","0011-1","","12000.00","21000.00","1"
"Conjunto bambula","Variable","Conjuntos","The Maker","M","0011-2","","12000.00","21000.00","1"
"Conjunto bambula","Variable","Conjuntos","The Maker","L","0011-3","","12000.00","21000.00","1"
"Conjunto KAMIRA lino","Variable","Remeras","Rumba","M","0162-1","","30000.00","52500.00","1"
"Conjunto KAMIRA lino","Variable","Remeras","Rumba","XL","0162-2","","30000.00","52500.00","1"
"Conjunto Palazzo y Puperon morley rayas finitas","Variable","Conjuntos","The Maker","M","0277-1","","18000.00","31500.00","2"
"Conjunto Palazzo y Puperon morley rayas finitas","Variable","Conjuntos","The Maker","L","0277-2","","18000.00","31500.00","1"
"Conjunto Palazzo y Remeron Rayas Anchas","Variable","Conjuntos","The Maker","M","0010-1","","18000.00","31500.00","1"
"Conjunto Short y Puperon Rayado Finito","Variable","Conjuntos","The Maker","M","0013-1","","15000.00","26250.00","1"
"Conjunto Short y Puperon Rayado Finito","Variable","Conjuntos","The Maker","L","0013-2","","15000.00","26250.00","0"
"Conjunto texturas","Variable","Conjuntos","LSKMAN","M","0032-1","","19900.00","34825.00","1"
"Conjunto texturas","Variable","Conjuntos","LSKMAN","L","0032-2","","19900.00","34825.00","1"
"Curazao - Bermuda blanca con rotura","Variable","Bermudas","CC Jeans","38","0278-1","","16000.00","28000.00","1"
"Curazao - Bermuda blanca con rotura","Variable","Bermudas","CC Jeans","40","0278-2","","16000.00","28000.00","1"
"Curazao - Bermuda blanca con rotura","Variable","Bermudas","CC Jeans","42","0278-3","","16000.00","28000.00","0"
"Ezeiza - Bermuda carpintera estampada","Variable","Pantalones","CC Jeans","40","0129-1","","20000.00","35000.00","1"
"Ezeiza - Bermuda carpintera estampada","Variable","Pantalones","CC Jeans","42","0129-2","","20000.00","35000.00","1"
"Faja circular calada con chapones y ojales","Simple","Cinturones","Pupé","Única","0044","","17500.00","30625.00","1"
"La Plata - Bermuda baggy estampada","Variable","Pantalones","CC Jeans","38","0128-1","","19000.00","33250.00","1"
"La Plata - Bermuda baggy estampada","Variable","Pantalones","CC Jeans","40","0128-2","","19000.00","33250.00","1"
"La Plata - Bermuda baggy estampada","Variable","Pantalones","CC Jeans","42","0128-3","","19000.00","33250.00","1"
"Malla JR-25512","Variable","Mallas","Mouk","S","0239-1","","15000.00","26250.00","1"
"Malla JR-25512","Variable","Mallas","Mouk","M","0239-2","","15000.00","26250.00","1"
"Malla JR-25512","Variable","Mallas","Mouk","L","0239-3","","15000.00","26250.00","1"
"Malla JR-25512","Variable","Mallas","Mouk","XL","0239-4","","15000.00","26250.00","0"
"Malla JR-25513","Variable","Mallas","Mouk","S","0238-1","","15000.00","26250.00","1"
"Malla JR-25513","Variable","Mallas","Mouk","M","0238-2","","15000.00","26250.00","1"
"Malla JR-25513","Variable","Mallas","Mouk","L","0238-3","","15000.00","26250.00","1"
"Malla JR-25513","Variable","Mallas","Mouk","XL","0238-4","","15000.00","26250.00","1"
"Mini bordada Danielle","Variable","Minifaldas","LSK","M","0181-1","","18900.00","33075.00","1"
"Mini Queen Dinasty Lentejuelas y Tull","Variable","Minifaldas","Arizona","M","0171-1","","37490.00","65607.50","0"
"Mini Turquie Jean","Variable","Minifaldas","LSK","S","0193-1","","19900.00","34825.00","1"
"Muscu Leyla Sublimado","Simple","Musculosas","Clostudio","Única","0064","","13000.00","22750.00","1"
"Musculosa ADANA tull","Variable","Musculosas","Rumba","S","0140-1","","5000.00","8750.00","2"
"Musculosa ADANA tull","Variable","Musculosas","Rumba","M","0140-2","","5000.00","8750.00","0"
"Musculosa AQUILES bordada","Variable","Musculosas","Rumba","S","0142-1","","8480.00","14840.00","1"
"Musculosa Beauty Black Lentejuelas","Variable","Musculosas","Arizona","S","0173-1","","27551.00","48214.25","1"
"Musculosa Beauty Cream Lentejuelas","Variable","Musculosas","Arizona","S","0174-1","","27551.00","48214.25","1"
"Musculosa de morley rock","Simple","Musculosas","The Maker","Única","0007","","6500.00","11375.00","1"
"Musculosa dorado piedras","Variable","Musculosas","The Maker","S","0005-1","","20000.00","35000.00","1"
"Musculosa DORMOUNT c canutillo","Variable","Musculosas","Rumba","M","0135-1","","30000.00","52500.00","1"
"Musculosa Gigi Vintage","Variable","Musculosas","Clostudio","Gris","0065-1","","7500.00","13125.00","1"
"Musculosa Gigi Vintage","Variable","Musculosas","Clostudio","Marron","0065-2","","7500.00","13125.00","1"
"Musculosa HYMAN c piedras","Variable","Musculosas","Rumba","M","0145-1","","15000.00","26250.00","1"
"Musculosa JENNY bordada","Variable","Musculosas","Arizona","M","0166-1","","18750.00","32812.50","1"
"Musculosa JENNY bordada","Variable","Musculosas","Arizona","L","0166-2","","18750.00","32812.50","0"
"Musculosa KAIA Bordada","Variable","Musculosas","Arizona","S","0169-1","","18750.00","32812.50","1"
"Musculosa KAIA Bordada","Variable","Musculosas","Arizona","M","0169-2","","18750.00","32812.50","0"
"Musculosa KAIA Bordada","Variable","Musculosas","Arizona","L","0169-3","","18750.00","32812.50","1"
"Musculosa MIRI c/ piedras","Variable","Remeras","Arizona","M","0167-1","","22500.00","39375.00","1"
"Musculosa Morley con cierre","Variable","Musculosas","The Maker","Negro","0006-1","","4000.00","7000.00","1"
"Musculosa Morley con cierre","Variable","Musculosas","The Maker","Blanco","0006-2","","4000.00","7000.00","1"
"Musculosa Morley con cierre","Variable","Musculosas","The Maker","Crudo","0006-3","","4000.00","7000.00","1"
"Musculosa Morley estampado","Simple","Musculosas","The Maker","Única","0008","","6500.00","11375.00","0"
"Musculosa NEPAL","Variable","Musculosas","Rumba","L","0139-1","","8480.00","14840.00","1"
"Musculosa ORI Tejida con Guipiur","Variable","Musculosas","Arizona","XL","0164-1","","22490.00","39357.50","1"
"Musculosa Percy.Morley vintage cuello en U","Variable","Musculosas","OnenOn","M","0265-1","","5300.00","9275.00","2"
"Musculosa Sacamander piedras","Simple","Musculosas","Rumba","Única","0273","","12000.00","21000.00","1"
"Musculosa SAMSUM","Variable","Musculosas","Rumba","S","0141-1","","5000.00","8750.00","1"
"Musculosa Sunny.Morley Dior jaspeado","Variable","Musculosas","OnenOn","S","0261-1","","7500.00","13125.00","1"
"Musculosa Sunny.Morley Dior jaspeado","Variable","Musculosas","OnenOn","M","0261-2","","7500.00","13125.00","2"
"Musculosa Sunny.Morley Dior jaspeado","Variable","Musculosas","OnenOn","L","0261-3","","7500.00","13125.00","0"
"Musculosa Thalia.Nina rib cuello redondo","Variable","Musculosas","OnenOn","S","0262-1","","6500.00","11375.00","1"
"Musculosa Thalia.Nina rib cuello redondo","Variable","Musculosas","OnenOn","M","0262-2","","6500.00","11375.00","5"
"Musculosa Thalia.Nina rib cuello redondo","Variable","Musculosas","OnenOn","L","0262-3","","6500.00","11375.00","0"
"Musculosa vallarda","Variable","Musculosas","Samara","Rojo","0232-1","","18800.00","32900.00","1"
"Musculosa vallarda","Variable","Musculosas","Samara","Verde","0232-2","","18800.00","32900.00","1"
"Musculosa vallarda","Variable","Musculosas","Samara","Marron claro","0232-3","","18800.00","32900.00","1"
"NUÑEZ - BERMUDA BAGGY CASCARILLA","Variable","Bermudas","CC Jeans","36","0280-1","","16500.00","28875.00","1"
"NUÑEZ - BERMUDA BAGGY CASCARILLA","Variable","Bermudas","CC Jeans","38","0280-2","","16500.00","28875.00","1"
"NUÑEZ - BERMUDA BAGGY CASCARILLA","Variable","Bermudas","CC Jeans","40","0280-3","","16500.00","28875.00","1"
"NUÑEZ - BERMUDA BAGGY CASCARILLA","Variable","Bermudas","CC Jeans","42","0280-4","","16500.00","28875.00","1"
"NUÑEZ - BERMUDA BAGGY CASCARILLA","Variable","Bermudas","CC Jeans","44","0280-5","","16500.00","28875.00","1"
"Olivos - Baggy desflecado oxido","Variable","Pantalones","CC Jeans","38","0117-1","","28000.00","49000.00","1"
"Palazo Fiona.Hawaii ccordón tela y bolsillo","Variable","Pantalones","OnenOn","S","0267-1","","12500.00","21875.00","2"
"Palazo Fiona.Hawaii ccordón tela y bolsillo","Variable","Pantalones","OnenOn","M","0267-2","","12500.00","21875.00","2"
"Palazo JOHNSON liso","Variable","Pantalones","LSK","M","0182-1","","22900.00","40075.00","1"
"Palazzos Fibrana Liso","Variable","Pantalones","Cabana","S","0076-1","","9000.00","15750.00","1"
"Palazzos Morley Ottamon Oscuro","Variable","Pantalones","Cabana","M","0077-1","","12500.00","21875.00","0"
"Palermo - Baggy celeste desflecado vainilla","Variable","Pantalones","CC Jeans","42","0125-1","","26500.00","46375.00","1"
"Pantalon Baduz con vivos","Variable","Pantalones","LSK","M","0183-1","","24900.00","43575.00","1"
"Pantalon Baduz con vivos","Variable","Pantalones","LSK","S","0183-2","","24900.00","43575.00","1"
"Pantalon K-250403","Variable","Pantalones","Mouk","M","0240-1","","28000.00","49000.00","1"
"Pantalon K-250403","Variable","Pantalones","Mouk","L","0240-2","","28000.00","49000.00","1"
"Pantalon NEW PAUNETTE BORDADO","Variable","Pantalones","LSK","S","0189-1","","26900.00","47075.00","1"
"Pollera boho microtull","Variable","Polleras","Meferti","M","0210-1","","17000.00","29750.00","1"
"Pollera de lino","Variable","Polleras","Merci","M","0070-1","","5000.00","8750.00","2"
"Pollera de lino","Variable","Polleras","Merci","L","0070-2","","5000.00","8750.00","1"
"Pollera MARTINA","Variable","Polleras","LSK","S","0179-1","","5000.00","8750.00","1"
"Pollera MARTINA","Variable","Polleras","LSK","M","0179-2","","5000.00","8750.00","1"
"Pollera micro volados","Variable","Polleras","Meferti","M","0211-1","","14000.00","24500.00","2"
"Pollera plato micromorley","Variable","Polleras","Meferti","Marron","0212-1","","9800.00","17150.00","1"
"Puerto Madryn - Bermuda desflecada con rotura","Variable","Pantalones","CC Jeans","38","0126-1","","9900.00","17325.00","1"
"Puperon Liso","Variable","Puperones","The Maker","Negro","0021-1","","4000.00","7000.00","1"
"Puperon Liso","Variable","Puperones","The Maker","Crudo","0021-2","","4000.00","7000.00","1"
"Puperon liso morley nuevo","Variable","Puperones","The Maker","Negro","0022-1","","6000.00","10500.00","1"
"Puperon liso morley nuevo","Variable","Puperones","The Maker","Gris","0022-2","","6000.00","10500.00","1"
"Puperon liso morley nuevo","Variable","Puperones","The Maker","Amarillo","0022-3","","6000.00","10500.00","1"
"Puperon liso morley nuevo","Variable","Puperones","The Maker","Crudo","0022-4","","6000.00","10500.00","1"
"Puperon liso morley nuevo","Variable","Puperones","The Maker","Chocolate","0022-5","","6000.00","10500.00","1"
"Puperon liso morley nuevo","Variable","Puperones","The Maker","Marron claro","0022-6","","6000.00","10500.00","1"
"Puperon Morley nevado","Variable","Puperones","The Maker","M","0023-1","","8000.00","14000.00","2"
"Puperon Morley nevado","Variable","Puperones","The Maker","L","0023-2","","8000.00","14000.00","1"
"Puperon Oakland","Variable","Puperones","The Maker","Lila","0018-1","","3500.00","6125.00","1"
"Puperon Oakland","Variable","Puperones","The Maker","Celeste","0018-2","","3500.00","6125.00","1"
"Puperon rock nevado","Simple","Puperones","The Maker","Única","0015","","9000.00","15750.00","1"
"Puperon Sonrie","Simple","Puperones","The Maker","Única","0016","","3500.00","6125.00","1"
"Remera (ALGODÓN) - Rosa Print - (Mujer)","Variable","Remeras","Cabana","M","0078-1","","10150.00","17762.50","1"
"Remera (ALGODÓN) Corazon 2","Variable","Remeras","Cabana","XL","0108-1","","10150.00","17762.50","1"
"Remera (ALGODÓN) Corazon Rosa","Variable","Remeras","Cabana","S","0083-1","","10150.00","17762.50","1"
"Remera (ALGODÓN) Guess","Variable","Remeras","Cabana","S","0095-1","","10150.00","17762.50","1"
"Remera (ALGODÓN) Guess","Variable","Remeras","Cabana","L","0095-2","","10150.00","17762.50","1"
"Remera (ALGODÓN) Inspire","Variable","Remeras","Cabana","S","0111-1","","10150.00","17762.50","1"
"Remera (ALGODÓN) LISO","Variable","Remeras","Cabana","S","0106-1","","8600.00","15050.00","2"
"Remera (ALGODÓN) LISO","Variable","Remeras","Cabana","M","0106-2","","8600.00","15050.00","2"
"Remera (ALGODÓN) Los Angeles","Variable","Remeras","Cabana","M","0082-1","","10150.00","17762.50","1"
"Remera (ALGODÓN) Meow","Variable","Remeras","Cabana","S","0100-1","","10150.00","17762.50","1"
"Remera (ALGODÓN) Meow","Variable","Remeras","Cabana","M","0100-2","","10150.00","17762.50","1"
"Remera (ALGODON) Perfectly imperfectly","Variable","Remeras","Cabana","S","0103-1","","10150.00","17762.50","1"
"Remera (ALGODÓN) Símbolo HP","Variable","Remeras","Cabana","S","0089-1","","10150.00","17762.50","1"
"Remera (ALGODÓN) Sleeping Cat","Variable","Remeras","Cabana","L","0079-1","","10150.00","17762.50","1"
"Remera (ALGODÓN) Vans","Variable","Remeras","Cabana","S","0109-1","","10150.00","17762.50","1"
"Remera (ALGODÓN) Vans","Variable","Remeras","Cabana","M","0109-2","","10150.00","17762.50","1"
"Remera (ALGODÓN) Vans","Variable","Remeras","Cabana","L","0109-3","","10150.00","17762.50","1"
"Remera (Dama) Flores 3D (Modal)","Variable","Remeras","Cabana","S","0080-1","","7450.00","13037.50","1"
"Remera (MODAL) 3 corazones","Variable","Remeras","Cabana","XL","0099-1","","7450.00","13037.50","1"
"Remera (Modal) butterfly","Variable","Remeras","Cabana","S","0115-1","","7450.00","13037.50","1"
"Remera (Modal) Conejo","Variable","Remeras","Cabana","M","0091-1","","7450.00","13037.50","1"
"Remera (Modal) CORAZON 3","Variable","","Cabana","XL","0112-1","","7450.00","13037.50","1"
"Remera (MODAL) Corazon leopardo","Variable","Remeras","Cabana","M","0101-1","","7450.00","13037.50","1"
"Remera (MODAL) Flor Marron","Variable","Remeras","Cabana","M","0087-1","","7450.00","13037.50","1"
"Remera (Modal) Fly To You","Variable","Remeras","Cabana","L","0088-1","","7450.00","13037.50","1"
"Remera (Modal) M","Variable","Remeras","Cabana","M","0116-1","","7450.00","13037.50","1"
"Remera (Modal) Mano de Dama","Variable","Remeras","Cabana","S","0272-1","","7450.00","13037.50","1"
"Remera (Modal) Mariposa Salmon","Variable","Remeras","Cabana","M","0102-1","","7450.00","13037.50","1"
"Remera (MODAL) Mariposas volando de corazón","Variable","Remeras","Cabana","L","0096-1","","7450.00","13037.50","1"
"Remera (MODAL) Mariposas volando de corazón","Variable","Remeras","Cabana","XL","0096-2","","7450.00","13037.50","0"
"Remera (MODAL) Miles de corazones","Variable","Remeras","Cabana","M","0110-1","","7450.00","13037.50","1"
"Remera (MODAL) Otoño Mariposa","Variable","Remeras","Cabana","M","0094-1","","7450.00","13037.50","1"
"Remera (MODAL) Pink Mariposa","Variable","Remeras","Cabana","S","0084-1","","7450.00","13037.50","1"
"Remera (Modal) Poni","Variable","Remeras","Cabana","S","0098-1","","7450.00","13037.50","1"
"Remera (Modal) Poni","Variable","Remeras","Cabana","M","0098-2","","7450.00","13037.50","1"
"Remera (Modal) Poni","Variable","Remeras","Cabana","L","0098-3","","7450.00","13037.50","1"
"Remera (Modal) Primavera","Variable","Remeras","Cabana","S","0114-1","","7450.00","13037.50","1"
"Remera (Modal) Primavera","Variable","Remeras","Cabana","L","0114-2","","7450.00","13037.50","1"
"Remera (Modal) Ramo de flores","Variable","Remeras","Cabana","L","0107-1","","7450.00","13037.50","1"
"Remera (Modal) Ramo de flores","Variable","Remeras","Cabana","XL","0107-2","","7450.00","13037.50","1"
"Remera (MODAL) Shut the fuck up","Variable","Remeras","Cabana","M","0105-1","","7450.00","13037.50","1"
"Remera (Modal) Triple corazón","Variable","Remeras","Cabana","M","0113-1","","7450.00","13037.50","1"
"Remera (Modal)Torre de Flores","Variable","Remeras","Cabana","M","0097-1","","7450.00","13037.50","1"
"Remera AGARES","Variable","Remeras","Rumba","S","0150-1","","15040.00","26320.00","1"
"Remera Ali Sublimada","Simple","Remeras","Clostudio","Única","0057","","10000.00","17500.00","1"
"Remera Allende conjunto","Variable","Remeras","Samara","Amarillo","0233-1","","15500.00","27125.00","1"
"Remera Allende conjunto","Variable","Remeras","Samara","Verde","0233-2","","15500.00","27125.00","1"
"Remera Allende conjunto","Variable","Remeras","Samara","Naranja","0233-3","","15500.00","27125.00","1"
"Remera ANTONIA CON TACHAS","Variable","Remeras","LSK","Gris","0188-1","","15900.00","27825.00","1"
"Remera ARDEN c Piedras","Variable","Remeras","Arizona","M","0170-1","","22500.00","39375.00","2"
"Remera ARDEN c Piedras","Variable","Remeras","Arizona","XL","0170-2","","22500.00","39375.00","1"
"Remera Art 1639","Variable","Remeras","Mouk","M","0251-1","","18000.00","31500.00","1"
"Remera Art 1639","Variable","Remeras","Mouk","L","0251-2","","18000.00","31500.00","1"
"Remera BARUCH c strass","Variable","Remeras","Rumba","S","0153-1","","10000.00","17500.00","1"
"Remera Basher","Variable","Remeras","Rumba","XL","0146-1","","18000.00","31500.00","1"
"Remera Básica","Variable","Remeras","Mouk","S","0250-1","","15000.00","26250.00","1"
"Remera Básica","Variable","Remeras","Mouk","M","0250-2","","15000.00","26250.00","1"
"Remera Básica","Variable","Remeras","Mouk","L","0250-3","","15000.00","26250.00","1"
"Remera Básica","Variable","Remeras","Mouk","XL","0250-4","","15000.00","26250.00","1"
"Remera basica morley","Variable","Remeras","The Maker","Negro","0030-1","","5800.00","10150.00","1"
"Remera basica morley","Variable","Remeras","The Maker","Crudo","0030-2","","5800.00","10150.00","1"
"Remera basica morley","Variable","Remeras","The Maker","Chocolate","0030-3","","5800.00","10150.00","1"
"Remera basica morley","Variable","Remeras","The Maker","Natural","0030-4","","5800.00","10150.00","1"
"Remera Batik Brunch Club","Variable","Remeras","Clostudio","Beige","0062-1","","12000.00","21000.00","1"
"Remera Bell.Morley rayado con puño en manga","Variable","Remeras","OnenOn","S","0271-1","","5000.00","8750.00","1"
"Remera Blomster","Variable","Remeras","Rumba","L","0158-1","","8000.00","14000.00","1"
"Remera bordada cordon texturas","Variable","Remeras","LSKMAN","L","0035-1","","13900.00","24325.00","1"
"Remera bordada frente","Simple","Remeras","The Maker","Única","0014","","13000.00","22750.00","1"
"Remera boxy over Harry Jersey pesado","Variable","Remeras","LSKMAN","M","0037-1","","13900.00","24325.00","1"
"Remera boxy over Harry Jersey pesado","Variable","Remeras","LSKMAN","L","0037-2","","13900.00","24325.00","1"
"Remera BROUN","Variable","Remeras","Rumba","M","0152-1","","15920.00","27860.00","1"
"Remera Cancun conjunto","Variable","Remeras","Samara","Gris","0234-1","","20500.00","35875.00","1"
"Remera Cancun conjunto","Variable","Remeras","Samara","Beige","0234-2","","20500.00","35875.00","1"
"Remera Cancun conjunto","Variable","Remeras","Samara","Natural","0234-3","","20500.00","35875.00","1"
"Remera CHAMUEL","Variable","Remeras","Rumba","M","0149-1","","12000.00","21000.00","1"
"Remera Daiton","Variable","Remeras","LSK","Negro","0190-1","","11900.00","20825.00","1"
"Remera DTF (ALGODÓN) 5 Corazones","Variable","Remeras","Cabana","S","0092-1","","10150.00","17762.50","1"
"Remera DTF (ALGODÓN) Arcoíris Mariposa","Variable","Remeras","Cabana","S","0085-1","","10150.00","17762.50","1"
"Remera DTF (ALGODÓN) Corazón Leopardo","Variable","Remeras","Cabana","L","0093-1","","10150.00","17762.50","1"
"Remera DTF (ALGODÓN) Corazones Cafe","Variable","Remeras","Cabana","S","0086-1","","10150.00","17762.50","1"
"Remera DTF (ALGODÓN) Miles de Corazones","Variable","Remeras","Cabana","S","0081-1","","10150.00","17762.50","1"
"Remera Fernie.Morley diesel básica con manga puño","Variable","Remeras","OnenOn","S","0269-1","","5500.00","9625.00","3"
"Remera Fernie.Morley diesel básica con manga puño","Variable","Remeras","OnenOn","M","0269-2","","5500.00","9625.00","1"
"Remera Guadalajara","Variable","Remeras","Samara","Rojo","0236-1","","16800.00","29400.00","1"
"Remera J-1120","Variable","Remeras","Mouk","M","0247-1","","18000.00","31500.00","1"
"Remera km-23","Variable","Remeras","Mouk","M","0257-1","","18000.00","31500.00","1"
"Remera km-23","Variable","Remeras","Mouk","L","0257-2","","18000.00","31500.00","1"
"Remera km-23","Variable","Remeras","Mouk","XL","0257-3","","18000.00","31500.00","1"
"Remera LEVIAT","Variable","Remeras","Rumba","S","0151-1","","12000.00","21000.00","1"
"Remera LIVIO gamuza elastisada con strass","Variable","Remeras","Rumba","M","0144-1","","10000.00","17500.00","1"
"Remera LIVIO gamuza elastisada con strass","Variable","Remeras","Rumba","XL","0144-2","","10000.00","17500.00","0"
"Remera LORETA C Piedras","Variable","Remeras","Arizona","M","0163-1","","22000.00","38500.00","1"
"Remera manga corta de hilo","Variable","Remeras","Merci","Negro","0072-1","","13000.00","22750.00","1"
"Remera manga corta de hilo","Variable","Remeras","Merci","Beige","0072-2","","13000.00","22750.00","1"
"Remera manga corta de hilo","Variable","Remeras","Merci","Marron","0072-3","","13000.00","22750.00","1"
"Remera manga japonesa sublimada","Variable","Remeras","The Maker","M","0029-1","","9000.00","15750.00","1"
"Remera manga japonesa sublimada","Variable","Remeras","The Maker","XL","0029-2","","9000.00","15750.00","1"
"Remera Manga princesa boca beso","Variable","Remeras","The Maker","S","0024-1","","6000.00","10500.00","1"
"Remera MARIO c piedras","Variable","Remeras","Rumba","L","0143-1","","15000.00","26250.00","1"
"Remera MEFISTO","Variable","Remeras","Rumba","M","0148-1","","12000.00","21000.00","0"
"Remera Mirta","Variable","Remeras","Clostudio","Marron","0059-1","","6000.00","10500.00","1"
"Remera Mora","Variable","Remeras","Clostudio","Marron","0052-1","","9000.00","15750.00","1"
"Remera MUMI C/ Bordado","Variable","Remeras","Arizona","S","0165-1","","19990.00","34982.50","2"
"Remera MUMI C/ Bordado","Variable","Remeras","Arizona","M","0165-2","","19990.00","34982.50","2"
"Remera na-03","Variable","Remeras","Mouk","S","0252-1","","18000.00","31500.00","1"
"Remera na-03","Variable","Remeras","Mouk","M","0252-2","","18000.00","31500.00","1"
"Remera na-03","Variable","Remeras","Mouk","L","0252-3","","18000.00","31500.00","1"
"Remera na-04","Variable","Remeras","Mouk","M","0258-1","","18000.00","31500.00","1"
"Remera na-04","Variable","Remeras","Mouk","L","0258-2","","18000.00","31500.00","1"
"Remera na-07","Variable","Remeras","Mouk","L","0254-1","","18000.00","31500.00","1"
"Remera na-07","Variable","Remeras","Mouk","XL","0254-2","","18000.00","31500.00","1"
"Remera Na-10","Variable","Remeras","Mouk","S","0248-1","","18000.00","31500.00","1"
"Remera Na-10","Variable","Remeras","Mouk","M","0248-2","","18000.00","31500.00","1"
"Remera Na-10","Variable","Remeras","Mouk","L","0248-3","","18000.00","31500.00","1"
"Remera na-11","Variable","Remeras","Mouk","M","0256-1","","18000.00","31500.00","0"
"Remera na-11","Variable","Remeras","Mouk","XL","0256-2","","18000.00","31500.00","1"
"Remera na-14","Variable","Remeras","Mouk","M","0255-1","","18000.00","31500.00","1"
"Remera na-14","Variable","Remeras","Mouk","XL","0255-2","","18000.00","31500.00","0"
"Remera Na-15","Variable","Remeras","Mouk","S","0253-1","","18000.00","31500.00","1"
"Remera Na-15","Variable","Remeras","Mouk","M","0253-2","","18000.00","31500.00","1"
"Remera Na-19","Variable","Remeras","Mouk","S","0249-1","","18000.00","31500.00","1"
"Remera Na-19","Variable","Remeras","Mouk","M","0249-2","","18000.00","31500.00","0"
"Remera Na-19","Variable","Remeras","Mouk","L","0249-3","","18000.00","31500.00","1"
"Remera nevada lisa","Simple","Remeras","Clostudio","Única","0058","","9000.00","15750.00","1"
"Remera Oaxaca","Variable","Remeras","Samara","Verde","0235-1","","15400.00","26950.00","1"
"Remera Oaxaca","Variable","Remeras","Samara","Marron","0235-2","","15400.00","26950.00","1"
"Remera over boxy Vicente","Variable","Remeras","LSKMAN","S","0034-1","","13900.00","24325.00","1"
"Remera over boxy Vicente","Variable","Remeras","LSKMAN","M","0034-2","","13900.00","24325.00","1"
"Remera palmera luna estrellas","Variable","Remeras","The Maker","M","0028-1","","7000.00","12250.00","2"
"Remera Pixie.Crepe viscosa costado fruncido","Variable","Remeras","OnenOn","S","0268-1","","5000.00","8750.00","2"
"Remera Pixie.Crepe viscosa costado fruncido","Variable","Remeras","OnenOn","M","0268-2","","5000.00","8750.00","2"
"Remera Pixie.Crepe viscosa costado fruncido","Variable","Remeras","OnenOn","L","0268-3","","5000.00","8750.00","2"
"Remera Pizurno","Variable","Remeras","Rumba","L","0157-1","","8000.00","14000.00","1"
"Remera Rocco roturas boxy fit","Variable","Remeras","LSKMAN","M","0038-1","","14900.00","26075.00","2"
"Remera SARIEL lentejuelas","Variable","Remeras","Rumba","M","0154-1","","15000.00","26250.00","1"
"Remera SHEILA bordada","Simple","Remeras","LSK","Única","0274","","17000.00","29750.00","1"
"Remera Sky","Variable","Remeras","Clostudio","Amarillo","0056-1","","9000.00","15750.00","1"
"Remera Sky","Variable","Remeras","Clostudio","Rosado","0056-2","","9000.00","15750.00","1"
"Remera Sky","Variable","Remeras","Clostudio","Marron","0056-3","","9000.00","15750.00","1"
"Remera Sky Estampada","Simple","Musculosas","Clostudio","Única","0055","","16500.00","28875.00","1"
"Remera Spirit","Variable","Remeras","Clostudio","Marron","0060-1","","10000.00","17500.00","0"
"Remera sublimada","Variable","Remeras","The Maker","M","0025-1","","9000.00","15750.00","1"
"Remera sublimada cuello V","Variable","Remeras","The Maker","M","0026-1","","9000.00","15750.00","2"
"Remera sublimada cuello V","Variable","Remeras","The Maker","L","0026-2","","9000.00","15750.00","2"
"Remera sublimada rayada estampada","Variable","Remeras","The Maker","M","0027-1","","12000.00","21000.00","1"
"Remera Tamia.Micro morley cuello en U","Variable","Remeras","OnenOn","S","0266-1","","6500.00","11375.00","4"
"Remera Tamia.Micro morley cuello en U","Variable","Remeras","OnenOn","M","0266-2","","6500.00","11375.00","3"
"Remera Tamia.Micro morley cuello en U","Variable","Remeras","OnenOn","L","0266-3","","6500.00","11375.00","1"
"Remera Tere algodón botones laterales","Variable","Remeras","Rumba","Marron claro","0160-1","","12000.00","21000.00","1"
"Remera The Angel bordada","Variable","Remeras","LSK","Beige","0198-1","","16900.00","29575.00","1"
"Remera Tokyo Jersey pesado rib tejido","Variable","Remeras","LSKMAN","M","0036-1","","13900.00","24325.00","1"
"Remera Tokyo Jersey pesado rib tejido","Variable","Remeras","LSKMAN","L","0036-2","","13900.00","24325.00","1"
"Remera TUMHAS","Variable","Remeras","Rumba","L","0147-1","","18000.00","31500.00","1"
"Remera VALEFOR","Variable","Remeras","Rumba","M","0155-1","","18000.00","31500.00","1"
"Remera Willow.Morley diesel básica","Variable","Remeras","OnenOn","S","0270-1","","5500.00","9625.00","1"
"Remera Willow.Morley diesel básica","Variable","Remeras","OnenOn","M","0270-2","","5500.00","9625.00","1"
"Remera Willow.Morley diesel básica","Variable","Remeras","OnenOn","L","0270-3","","5500.00","9625.00","1"
"Remera YARON c strass","Variable","Remeras","Rumba","L","0161-1","","18000.00","31500.00","0"
"Remera YONES","Variable","Remeras","Rumba","S","0159-1","","12000.00","21000.00","1"
"Remera Zeppelin","Variable","Remeras","Rumba","S","0156-1","","14960.00","26180.00","1"
"Remeras (Modal) Diseño Nuevo","Variable","Remeras","Cabana","L","0090-1","","7450.00","13037.50","1"
"Remeras (Modal) Muchos corazones","Variable","Remeras","Cabana","S","0104-1","","7450.00","13037.50","1"
"Remeras (Modal) Muchos corazones","Variable","Remeras","Cabana","M","0104-2","","7450.00","13037.50","1"
"Remerita Linda","Variable","Remeras","Clostudio","Negro","0066-1","","4000.00","7000.00","1"
"Rivadavia - Baggy con tiras gris nev","Variable","Pantalones","CC Jeans","38","0124-1","","25000.00","43750.00","1"
"Rivadavia - Baggy con tiras gris nev","Variable","Pantalones","CC Jeans","40","0124-2","","25000.00","43750.00","1"
"Rivadavia - Baggy con tiras gris nev","Variable","Pantalones","CC Jeans","42","0124-3","","25000.00","43750.00","1"
"Saco de lino manga corta","Variable","Sacos","Merci","M","0071-1","","9000.00","15750.00","3"
"Saco sin manga cruzado lino","Variable","Sacos","Merci","S","0074-1","","20790.00","36382.50","1"
"Saco sin manga cruzado lino","Variable","Sacos","Merci","M","0074-2","","20790.00","36382.50","1"
"SAN AGUSTIN - BERMUDA NEGRO MARMOLADO","Variable","Bermudas","CC Jeans","36","0281-1","","18000.00","31500.00","1"
"SAN AGUSTIN - BERMUDA NEGRO MARMOLADO","Variable","Bermudas","CC Jeans","38","0281-2","","18000.00","31500.00","1"
"SAN AGUSTIN - BERMUDA NEGRO MARMOLADO","Variable","Bermudas","CC Jeans","40","0281-3","","18000.00","31500.00","1"
"SAN AGUSTIN - BERMUDA NEGRO MARMOLADO","Variable","Bermudas","CC Jeans","42","0281-4","","18000.00","31500.00","1"
"SAN AGUSTIN - BERMUDA NEGRO MARMOLADO","Variable","Bermudas","CC Jeans","44","0281-5","","18000.00","31500.00","1"
"San Lorenzo - Baggy desflecado gris localizado","Variable","Pantalones","CC Jeans","42","0123-1","","26500.00","46375.00","1"
"San Lorenzo - Baggy desflecado gris localizado","Variable","Pantalones","CC Jeans","44","0123-2","","26500.00","46375.00","1"
"San Pablo - Baggy desflecado gris loc","Variable","Pantalones","CC Jeans","44","0120-1","","18000.00","31500.00","1"
"San Pedro - Baggy con recortes desflecados","Variable","Pantalones","CC Jeans","38","0119-1","","25500.00","44625.00","1"
"San Telmo - Bermuda baggy cargo con recorte","Variable","Pantalones","CC Jeans","36","0131-1","","9900.00","17325.00","1"
"San Telmo - Bermuda baggy cargo con recorte","Variable","Pantalones","CC Jeans","38","0131-2","","9900.00","17325.00","1"
"Short Allende conjunto","Variable","Shorts","Samara","Amarillo","0276-1","","16000.00","28000.00","1"
"Short Allende conjunto","Variable","Shorts","Samara","Verde","0276-2","","16600.00","29050.00","1"
"Short Allende conjunto","Variable","Shorts","Samara","Naranja","0276-3","","16000.00","28000.00","1"
"Short AMPI","Variable","Shorts","LSK","S","0196-1","","22900.00","40075.00","1"
"Short animal print modal soft","Simple","Shorts","The Maker","Única","0279","","10000.00","17500.00","2"
"Short cancun conjunto","Variable","Shorts","Samara","Gris","0231-1","","16800.00","29400.00","1"
"Short cancun conjunto","Variable","Shorts","Samara","Beige","0231-2","","16800.00","29400.00","1"
"Short cancun conjunto","Variable","Shorts","Samara","Natural","0231-3","","16800.00","29400.00","1"
"Short de lino","Variable","Shorts","Merci","S","0069-1","","12180.00","21315.00","1"
"Short de lino","Variable","Shorts","Merci","M","0069-2","","12180.00","21315.00","0"
"Short de lino","Variable","Shorts","Merci","L","0069-3","","12180.00","21315.00","0"
"Short Elda.Sastrero cpinza y cordón","Variable","Shorts","OnenOn","M","0264-1","","11900.00","20825.00","1"
"Short Elda.Sastrero cpinza y cordón","Variable","Shorts","OnenOn","L","0264-2","","11900.00","20825.00","1"
"Short Jizan","Variable","Shorts","Nissie","38","0208-1","","19000.00","33250.00","1"
"Short Jizan","Variable","Shorts","Nissie","40","0208-2","","19000.00","33250.00","0"
"Short Jizan","Variable","Shorts","Nissie","42","0208-3","","19000.00","33250.00","1"
"Short Losty","Variable","Shorts","Nissie","36","0200-1","","10000.00","17500.00","1"
"Short Losty","Variable","Shorts","Nissie","38","0200-2","","10000.00","17500.00","1"
"Short Madrid","Variable","Shorts","Nissie","36","0207-1","","17000.00","29750.00","1"
"Short Madrid","Variable","Shorts","Nissie","38","0207-2","","17000.00","29750.00","1"
"Short Madrid","Variable","Shorts","Nissie","40","0207-3","","17000.00","29750.00","1"
"Short Milano","Variable","Shorts","Nissie","38","0199-1","","17000.00","29750.00","1"
"Short Mubba Matizado","Variable","Shorts","Nissie","38","0275-1","","17000.00","29750.00","0"
"Short Mubba Matizado","Variable","Shorts","Nissie","40","0275-2","","17000.00","29750.00","1"
"Short Mubba Matizado","Variable","Shorts","Nissie","42","0275-3","","17000.00","29750.00","1"
"Short Mubba Verde","Variable","Shorts","Nissie","38","0202-1","","16000.00","28000.00","1"
"Short Mubba Verde","Variable","Shorts","Nissie","42","0202-2","","16000.00","28000.00","1"
"Short Murcia","Variable","Shorts","Nissie","36","0201-1","","16000.00","28000.00","1"
"Short Murcia","Variable","Shorts","Nissie","38","0201-2","","16000.00","28000.00","1"
"Short Murcia","Variable","Shorts","Nissie","40","0201-3","","16000.00","28000.00","1"
"Short Murcia","Variable","Shorts","Nissie","42","0201-4","","16000.00","28000.00","1"
"Short Murely","Variable","Shorts","Nissie","36","0204-1","","17000.00","29750.00","1"
"Short Murely","Variable","Shorts","Nissie","38","0204-2","","17000.00","29750.00","1"
"Short Nina","Variable","Shorts","Nissie","36","0206-1","","18000.00","31500.00","1"
"Short Nina","Variable","Shorts","Nissie","38","0206-2","","18000.00","31500.00","1"
"Short Nina","Variable","Shorts","Nissie","40","0206-3","","18000.00","31500.00","1"
"Short Oxid","Variable","Shorts","Nissie","38","0209-1","","17000.00","29750.00","1"
"Short Oxid","Variable","Shorts","Nissie","40","0209-2","","17000.00","29750.00","1"
"Short Oxid","Variable","Shorts","Nissie","42","0209-3","","17000.00","29750.00","1"
"Short Pekin","Variable","Shorts","Nissie","38","0205-1","","15000.00","26250.00","1"
"Short Pekin","Variable","Shorts","Nissie","40","0205-2","","15000.00","26250.00","1"
"Short Pekin","Variable","Shorts","Nissie","42","0205-3","","15000.00","26250.00","1"
"Short Pekin","Variable","Shorts","Nissie","36","0205-4","","15000.00","26250.00","1"
"Short pollera Dessa.Sastrero liso c cierre y botones","Variable","Shorts","OnenOn","S","0263-1","","8500.00","14875.00","2"
"Short pollera Dessa.Sastrero liso c cierre y botones","Variable","Shorts","OnenOn","M","0263-2","","8500.00","14875.00","1"
"Short pollera Dessa.Sastrero liso c cierre y botones","Variable","Shorts","OnenOn","L","0263-3","","8500.00","14875.00","1"
"Short pollera lino","Variable","Shorts","Merci","S","0075-1","","14500.00","25375.00","1"
"Short pollera lino","Variable","Shorts","Merci","M","0075-2","","14500.00","25375.00","1"
"Short Pollera Vesnia.Cey bordado con volados en capas","Variable","Shorts","OnenOn","M","0259-1","","8000.00","14000.00","2"
"Short Pollera Vesnia.Cey bordado con volados en capas","Variable","Shorts","OnenOn","L","0259-2","","8000.00","14000.00","1"
"Short print modal soft","Variable","Shorts","The Maker","S","0004-1","","5000.00","8750.00","1"
"Short print modal soft","Variable","Shorts","The Maker","M","0004-2","","5000.00","8750.00","0"
"Short QUEBEC","Variable","Shorts","LSK","M","0195-1","","15900.00","27825.00","1"
"Short Wanda Sublimado","Simple","Shorts","Clostudio","Única","0063","","12500.00","21875.00","1"
"Skort Kopar encaje","Variable","Shorts","LSK","M","0180-1","","17900.00","31325.00","1"
"Sudadera musculosa Lorenzo","Variable","Sudaderas","LSKMAN","S","0033-1","","17900.00","31325.00","1"
"Sudadera musculosa Lorenzo","Variable","Sudaderas","LSKMAN","M","0033-2","","17900.00","31325.00","1"
"Sudadera musculosa Lorenzo","Variable","Sudaderas","LSKMAN","L","0033-3","","17900.00","31325.00","1"
"Top BAHIA","Variable","Tops","LSK","Negro","0184-1","","9900.00","17325.00","1"
"Top boho lentejuela","Variable","Tops","Meferti","Negro","0214-1","","11800.00","20650.00","1"
"Top bralet con buche","Variable","Tops","Meferti","S","0215-1","","9000.00","15750.00","1"
"Top corset importado con cinta","Variable","Tops","Meferti","M","0216-1","","22500.00","39375.00","1"
"Top crochet Marilyn","Variable","Tops","Meferti","M","0217-1","","11000.00","19250.00","1"
"Top Doha","Variable","Tops","LSK","Negro","0192-1","","12900.00","22575.00","1"
"Top GELLERT","Variable","Tops","Rumba","S","0138-1","","8000.00","14000.00","1"
"Top Glads","Variable","Tops","LSK","M","0197-1","","17900.00","31325.00","1"
"Top Hegel un hombro c/ lentejuelas","Variable","Tops","Rumba","S","0136-1","","8000.00","14000.00","2"
"Top importado bretel cintas","Variable","Tops","Meferti","M","0218-1","","22500.00","39375.00","0"
"Top retro hombro frunce","Variable","Tops","Meferti","M","0219-1","","8800.00","15400.00","2"
"Top retro lluvia de strass","Variable","","","M","0220-1","","9500.00","16625.00","3"
"Top retro óvalo con avío","Variable","Tops","Meferti","M","0221-1","","7200.00","12600.00","1"
"TOP ROMBO MICROTULL","Variable","Tops","Meferti","Unico","0213-1","","7500.00","13125.00","1"
"Top sin manga lino","Variable","Tops","Merci","M","0068-1","","15645.00","27378.75","1"
"Top Thessia.Crochet asimetrico de un solo hombro c/hebilla","Variable","Tops","OnenOn","S","0260-1","","6900.00","12075.00","1"
"Top Thessia.Crochet asimetrico de un solo hombro c/hebilla","Variable","Tops","OnenOn","M","0260-2","","6900.00","12075.00","1"
"Top Thessia.Crochet asimetrico de un solo hombro c/hebilla","Variable","Tops","OnenOn","L","0260-3","","6900.00","12075.00","1"
"Top Venecia","Variable","Tops","LSK","Negro","0185-1","","17900.00","31325.00","0"
"Vestido asimétrico","Variable","Vestidos","Meferti","M","0223-1","","14500.00","25375.00","1"
"Vestido lunares","Variable","Vestidos","Meferti","M","0224-1","","18000.00","31500.00","1"
"Vestido straple misha","Variable","Vestidos","Meferti","M","0227-1","","19200.00","33600.00","1"
"vestido straples accesorio U","Variable","Vestidos","Meferti","M","0228-1","","15000.00","26250.00","2"
"Vestido Strapless","Variable","Vestidos","Meferti","M","0222-1","","20500.00","35875.00","1"
"Vestido strapless lluvia de strass","Variable","Vestidos","Meferti","M","0225-1","","18800.00","32900.00","1"
"Vestido strapless meduza","Variable","Vestidos","Meferti","M","0226-1","","28000.00","49000.00","1"
"vestido strapless recorte","Variable","Vestidos","Meferti","M","0229-1","","16000.00","28000.00","2"